{"steps": 138, "reward": -2.7518966635171456, "loss": 0.005671421259952088, "_timestamp": 1663408766.1674643, "_runtime": 772.9411902427673, "_step": 138}
